lap_id;session_id;username;time
1;0;Gerard;0:47
1;1;;-00:00:02.5554481
1;2;;-00:00:01.4652108
1;3;;-00:00:01.4661432
1;0;;00:01:12.1710179
1;0;Spongebob;00:04:52.4632679
1;1;Aznar;00:00:52.8237894
1;0;Carlitos;00:01:23.2460346
