lap_id;session_id;username;time
1;0;carlos;00:00:08.0995504
2;1;isaac v.3;00:00:34.3819778
3;1;isaac v.3;00:00:27.5340637
