lap_id;session_id;username;time
1;0;Gerard;0:47
1;1;;-00:00:02.5554481
1;2;;-00:00:01.4652108
1;3;;-00:00:01.4661432
1;0;;00:01:12.1710179
1;0;Spongebob;00:04:52.4632679
1;0;asd;00:01:01.1607690
